model_name,demand_segment,row_count,actual_sum,predicted_sum,mae,rmse,wape,bias,p90_abs_error
store_demand_champion_hgb_poisson_high_ma7_medium,all,196000,499059.0,479461.6476758485,1.3349569163568251,2.447241303725997,0.5242898246618891,-0.09998649144975257,2.588513228594255
store_demand_champion_hgb_poisson_high_ma7_medium,high,189309,494324.0,476904.07624727703,1.3570518413520178,2.483982147377713,0.5197039331177712,-0.09201846585594417,2.8001022166549334
store_demand_champion_hgb_poisson_high_ma7_medium,medium,6691,4735.0,2557.571428571428,0.7098234301940772,0.9289380124212914,1.0030472167747773,-0.32542647906569594,1.7142857142857144
baseline_ma28,all,196000,499059.0,488909.5714285714,1.3451027696793003,2.4812576420338948,0.5282744983201242,-0.05178279883381925,2.6428571428571423
baseline_ma28,high,189309,494324.0,486524.9642857143,1.3674746050108553,2.518824941284549,0.5236954912162873,-0.041197384774552266,2.821428571428571
baseline_ma28,medium,6691,4735.0,2384.607142857142,0.7121346371458462,0.9176484321831999,1.0063131694071503,-0.35127676836688954,1.6428571428571428
