model_name,demand_segment,row_count,actual_sum,predicted_sum,mae,rmse,wape,bias,p90_abs_error,p95_abs_error,underforecast_rate,underforecast_units,overforecast_units,fill_rate_proxy,underforecast_cost,overforecast_cost,weighted_order_cost,weighted_order_cost_rate
store_demand_champion_xgboost_order_calibrated,all,196000,924844.0,996601.208828099,0.6784084665711675,1.0225015198763645,0.1437735006638404,0.3661082083066273,1.2512194479266936,2.016179898435172,0.23935714285714285,30605.425309924925,102362.63413802389,0.9669074727089921,3.0,1.0,194178.91006779866,0.20995855524585622
store_demand_champion_xgboost_order_calibrated,high,189309,917891.0,989488.2970511987,0.6994905253095157,1.0399338944129553,0.14426533418000514,0.37820334506652437,1.2853783834405599,2.0811625073945126,0.24643308030785646,30411.277402310225,102008.57445350889,0.9668683129017386,3.0,1.0,193242.40666043956,0.2105287083765279
store_demand_champion_xgboost_order_calibrated,medium,6691,6953.0,7112.911776900291,0.08193208670299018,0.16817876179287455,0.07884475652663704,0.02389953323872238,0.11856293678283691,0.20811408758163452,0.03915707667015394,194.14790761470795,354.0596845149994,0.9720771023134319,3.0,1.0,936.5034073591232,0.13469055189977322
baseline_ma28,all,196000,924844.0,488909.5714285714,2.8568024781341106,3.425629411107526,0.6054353877132638,-2.2241552478134112,4.25,5.428571428571429,0.9422704081632653,497933.85714285716,61999.428571428565,0.4616023273732033,3.0,1.0,1555801.0,1.682230732966857
baseline_ma28,high,189309,917891.0,486524.9642857143,2.9336423141907826,3.483078550265822,0.6050444909658586,-2.278634590612626,4.285714285714286,5.5,0.9402299943478651,493365.4642857143,61999.42857142858,0.4625010330358241,3.0,1.0,1542095.8214285716,1.6800424248942103
baseline_ma28,medium,6691,6953.0,2384.607142857142,0.6827668296432309,0.7109376933801838,0.6570390992582853,-0.6827668296432309,0.7142857142857143,0.7857142857142858,1.0,4568.392857142858,0.0,0.3429609007417147,3.0,1.0,13705.178571428572,1.971117297774856
