model_name,demand_segment,row_count,actual_sum,predicted_sum,mae,rmse,wape,bias,p90_abs_error
store_demand_champion_lightgbm_high_ma7_medium,all,196000,499059.0,482888.5513712076,1.3345697795254,2.446979051761787,0.5241377808775683,-0.08250228892241031,2.629684590435582
store_demand_champion_lightgbm_high_ma7_medium,high,189309,494324.0,480330.97994263616,1.356651021428193,2.483714642319544,0.5195504329459014,-0.07391629588325883,2.8218105194934937
store_demand_champion_lightgbm_high_ma7_medium,medium,6691,4735.0,2557.571428571428,0.7098234301940772,0.9289380124212914,1.0030472167747773,-0.32542647906569594,1.7142857142857144
baseline_ma28,all,196000,499059.0,488909.5714285714,1.3451027696793003,2.4812576420338948,0.5282744983201242,-0.05178279883381925,2.6428571428571423
baseline_ma28,high,189309,494324.0,486524.9642857143,1.3674746050108553,2.518824941284549,0.5236954912162873,-0.041197384774552266,2.821428571428571
baseline_ma28,medium,6691,4735.0,2384.607142857142,0.7121346371458462,0.9176484321831999,1.0063131694071503,-0.35127676836688954,1.6428571428571428
